<?xml version="1.0" encoding="UTF-8"?>
<GenRun Id="synth_1" LaunchPart="xc7a35tcpg236-1" LaunchTime="1716392244">
  <File Type="PA-TCL" Name="design_1_wrapper.tcl"/>
  <File Type="REPORTS-TCL" Name="design_1_wrapper_reports.tcl"/>
  <File Type="RDS-RDS" Name="design_1_wrapper.vds"/>
  <File Type="RDS-UTIL" Name="design_1_wrapper_utilization_synth.rpt"/>
  <File Type="RDS-UTIL-PB" Name="design_1_wrapper_utilization_synth.pb"/>
  <File Type="RDS-DCP" Name="design_1_wrapper.dcp"/>
  <FileSet Name="sources" Type="DesignSrcs" RelSrcDir="$PSRCDIR/sources_1" RelGenDir="$PGENDIR/sources_1">
    <Filter Type="Srcs"/>
    <File Path="$PSRCDIR/sources_1/new/edge_detector_toggle.vhd">
      <FileInfo>
        <Attr Name="ImportPath" Val="$PPRDIR/../../../../../../../../../vivado/Documents/Vivado/DESD/2021-2022/lab3/lab3.srcs/sources_1/new/edge_detector_toggle.vhd"/>
        <Attr Name="ImportTime" Val="1652708857"/>
        <Attr Name="UsedIn" Val="synthesis"/>
        <Attr Name="UsedIn" Val="simulation"/>
      </FileInfo>
    </File>
    <File Path="$PSRCDIR/sources_1/new/digilent_jstk2.vhd">
      <FileInfo>
        <Attr Name="ImportPath" Val="$PPRDIR/../../../../../../../../../vivado/Documents/Vivado/DESD/2021-2022/lab3/lab3.srcs/sources_1/new/digilent_jstk2.vhd"/>
        <Attr Name="ImportTime" Val="1652707996"/>
        <Attr Name="UsedIn" Val="synthesis"/>
        <Attr Name="UsedIn" Val="simulation"/>
      </FileInfo>
    </File>
    <File Path="$PSRCDIR/sources_1/new/debouncer.vhd">
      <FileInfo>
        <Attr Name="ImportPath" Val="$PPRDIR/../../../../../../../../Music/lab3/lab3.srcs/sources_1/new/debouncer.vhd"/>
        <Attr Name="ImportTime" Val="1588775022"/>
        <Attr Name="UsedIn" Val="synthesis"/>
        <Attr Name="UsedIn" Val="simulation"/>
      </FileInfo>
    </File>
    <File Path="$PSRCDIR/sources_1/new/balance_controller.vhd">
      <FileInfo>
        <Attr Name="ImportPath" Val="$PPRDIR/../../../../../../../../../vivado/Documents/Vivado/DESD/2021-2022/lab3/lab3.srcs/sources_1/new/balance_controller.vhd"/>
        <Attr Name="ImportTime" Val="1652710085"/>
        <Attr Name="UsedIn" Val="synthesis"/>
        <Attr Name="UsedIn" Val="simulation"/>
      </FileInfo>
    </File>
    <File Path="$PSRCDIR/sources_1/new/effect_selector.vhd">
      <FileInfo>
        <Attr Name="ImportPath" Val="$PPRDIR/../../../../../../../../Music/lab3/lab3.srcs/sources_1/new/effect_selector.vhd"/>
        <Attr Name="ImportTime" Val="1714379344"/>
        <Attr Name="UsedIn" Val="synthesis"/>
        <Attr Name="UsedIn" Val="simulation"/>
      </FileInfo>
    </File>
    <File Path="$PSRCDIR/sources_1/new/led_controller.vhd">
      <FileInfo>
        <Attr Name="ImportPath" Val="$PPRDIR/../../../../../../../../../vivado/Documents/Vivado/DESD/2021-2022/lab3/lab3.srcs/sources_1/new/led_controller.vhd"/>
        <Attr Name="ImportTime" Val="1652709108"/>
        <Attr Name="UsedIn" Val="synthesis"/>
        <Attr Name="UsedIn" Val="simulation"/>
      </FileInfo>
    </File>
    <File Path="$PSRCDIR/sources_1/new/led_level_controller.vhd">
      <FileInfo>
        <Attr Name="ImportPath" Val="$PPRDIR/../../../../../../../../Music/lab3/lab3.srcs/sources_1/new/led_level_controller.vhd"/>
        <Attr Name="ImportTime" Val="1714388096"/>
        <Attr Name="UsedIn" Val="synthesis"/>
        <Attr Name="UsedIn" Val="simulation"/>
      </FileInfo>
    </File>
    <File Path="$PSRCDIR/sources_1/new/moving_average_filter_en.vhd">
      <FileInfo>
        <Attr Name="ImportPath" Val="$PPRDIR/../../../../../../../../../vivado/Documents/Vivado/DESD/2021-2022/lab3/lab3.srcs/sources_1/new/moving_average_filter_en.vhd"/>
        <Attr Name="ImportTime" Val="1652853875"/>
        <Attr Name="UsedIn" Val="synthesis"/>
        <Attr Name="UsedIn" Val="simulation"/>
      </FileInfo>
    </File>
    <File Path="$PSRCDIR/sources_1/new/mute_controller.vhd">
      <FileInfo>
        <Attr Name="ImportPath" Val="$PPRDIR/../../../../../../../../../vivado/Documents/Vivado/DESD/2021-2022/lab3/lab3.srcs/sources_1/new/mute_controller.vhd"/>
        <Attr Name="ImportTime" Val="1652714685"/>
        <Attr Name="UsedIn" Val="synthesis"/>
        <Attr Name="UsedIn" Val="simulation"/>
      </FileInfo>
    </File>
    <File Path="$PSRCDIR/sources_1/new/volume_controller.vhd">
      <FileInfo>
        <Attr Name="ImportPath" Val="$PPRDIR/../../../../../../../../../vivado/Documents/Vivado/DESD/2021-2022/lab3/lab3.srcs/sources_1/new/volume_controller.vhd"/>
        <Attr Name="ImportTime" Val="1652941781"/>
        <Attr Name="UsedIn" Val="synthesis"/>
        <Attr Name="UsedIn" Val="simulation"/>
      </FileInfo>
    </File>
    <File Path="$PSRCDIR/sources_1/new/LFO.vhd">
      <FileInfo>
        <Attr Name="ImportPath" Val="$PPRDIR/../../../../../../../../Music/lab3/lab3.srcs/sources_1/new/LFO.vhd"/>
        <Attr Name="ImportTime" Val="1714394691"/>
        <Attr Name="UsedIn" Val="synthesis"/>
        <Attr Name="UsedIn" Val="simulation"/>
      </FileInfo>
    </File>
    <File Path="$PSRCDIR/sources_1/bd/design_1/design_1.bd">
      <FileInfo>
        <Attr Name="ImportPath" Val="$PPRDIR/../../../../../Documents/Polimi/DESD/LAB3/stages_bd/stage_bd1/stage_bd1.srcs/sources_1/bd/design_1/design_1.bd"/>
        <Attr Name="ImportTime" Val="1715705544"/>
        <Attr Name="UsedIn" Val="synthesis"/>
        <Attr Name="UsedIn" Val="implementation"/>
        <Attr Name="UsedIn" Val="simulation"/>
      </FileInfo>
    </File>
    <File Path="$PSRCDIR/sources_1/imports/design_1_wrapper.vhd">
      <FileInfo>
        <Attr Name="UserDisabled" Val="1"/>
        <Attr Name="ImportPath" Val="$PPRDIR/../../../../../Documents/Polimi/DESD/LAB3/stages_bd/stage_bd3/stage_bd3.gen/sources_1/bd/design_1/hdl/design_1_wrapper.vhd"/>
        <Attr Name="ImportTime" Val="1715706188"/>
        <Attr Name="UsedIn" Val="synthesis"/>
        <Attr Name="UsedIn" Val="simulation"/>
      </FileInfo>
    </File>
    <File Path="$PSRCDIR/sources_1/imports/lab3/archive_project_summary.txt">
      <FileInfo>
        <Attr Name="ImportPath" Val="$PPRDIR/../../../../../../../../Music/lab3/archive_project_summary.txt"/>
        <Attr Name="ImportTime" Val="1654777950"/>
      </FileInfo>
    </File>
    <File Path="$PSRCDIR/sources_1/imports/lab3_template/archive_project_summary.txt">
      <FileInfo>
        <Attr Name="ImportPath" Val="$PPRDIR/../../../../../Documents/Polimi/DESD/Piazza/lab3_template.xpr/lab3_template/archive_project_summary.txt"/>
        <Attr Name="ImportTime" Val="1715010346"/>
      </FileInfo>
    </File>
    <Config>
      <Option Name="DesignMode" Val="RTL"/>
      <Option Name="TopModule" Val="design_1_wrapper"/>
    </Config>
  </FileSet>
  <FileSet Name="constrs_in" Type="Constrs" RelSrcDir="$PSRCDIR/constrs_1">
    <Filter Type="Constrs"/>
    <File Path="$PSRCDIR/constrs_1/new/io.xdc">
      <FileInfo>
        <Attr Name="ImportPath" Val="$PPRDIR/../../../../../../../../../vivado/Documents/Vivado/DESD/2021-2022/lab3/lab3.srcs/constrs_1/new/io.xdc"/>
        <Attr Name="ImportTime" Val="1652708400"/>
        <Attr Name="UsedIn" Val="synthesis"/>
        <Attr Name="UsedIn" Val="implementation"/>
      </FileInfo>
    </File>
    <File Path="$PSRCDIR/constrs_1/new/debug.xdc">
      <FileInfo>
        <Attr Name="UserDisabled" Val="1"/>
        <Attr Name="ImportPath" Val="$PPRDIR/../../../../../Documents/Polimi/DESD/LAB3/stages_bd/stage_bd7/stage_bd7.srcs/constrs_1/new/debug.xdc"/>
        <Attr Name="ImportTime" Val="1716288717"/>
        <Attr Name="UsedIn" Val="synthesis"/>
        <Attr Name="UsedIn" Val="implementation"/>
      </FileInfo>
    </File>
    <Config>
      <Option Name="ConstrsType" Val="XDC"/>
    </Config>
  </FileSet>
  <FileSet Name="utils" Type="Utils" RelSrcDir="$PSRCDIR/utils_1">
    <Filter Type="Utils"/>
    <Config>
      <Option Name="TopAutoSet" Val="TRUE"/>
    </Config>
  </FileSet>
  <Strategy Version="1" Minor="2">
    <StratHandle Name="Vivado Synthesis Defaults" Flow="Vivado Synthesis 2020"/>
    <Step Id="synth_design"/>
  </Strategy>
  <BlockFileSet Type="BlockSrcs" Name="design_1_proc_sys_reset_0_0"/>
  <BlockFileSet Type="BlockSrcs" Name="design_1_axi4stream_spi_master_0_0"/>
  <BlockFileSet Type="BlockSrcs" Name="design_1_edge_detector_toggle_1_0"/>
  <BlockFileSet Type="BlockSrcs" Name="design_1_mute_controller_0_0"/>
  <BlockFileSet Type="BlockSrcs" Name="design_1_proc_sys_reset_1_0"/>
  <BlockFileSet Type="BlockSrcs" Name="design_1_clk_wiz_0_0"/>
  <BlockFileSet Type="BlockSrcs" Name="design_1_moving_average_filte_0_0"/>
  <BlockFileSet Type="BlockSrcs" Name="design_1_axis_dual_i2s_0_0"/>
  <BlockFileSet Type="BlockSrcs" Name="design_1_axis_broadcaster_0_0"/>
  <BlockFileSet Type="BlockSrcs" Name="design_1_volume_controller_0_0"/>
  <BlockFileSet Type="BlockSrcs" Name="design_1_led_level_controller_0_0"/>
  <BlockFileSet Type="BlockSrcs" Name="design_1_edge_detector_toggle_0_0"/>
  <BlockFileSet Type="BlockSrcs" Name="design_1_LFO_0_0"/>
  <BlockFileSet Type="BlockSrcs" Name="design_1_digilent_jstk2_0_0"/>
  <BlockFileSet Type="BlockSrcs" Name="design_1_debouncer_0_0"/>
  <BlockFileSet Type="BlockSrcs" Name="design_1_balance_controller_0_0"/>
  <BlockFileSet Type="BlockSrcs" Name="design_1_effect_selector_0_0"/>
  <BlockFileSet Type="BlockSrcs" Name="design_1_led_controller_0_0"/>
</GenRun>
